BPM,RMSSD,Propofol_Level
72.0,12.346183831789212,0.0
72.0,12.346183831789212,0.0
73.0,12.520865154173029,0.0
73.0,12.313741398693036,0.0
74.0,12.479599543447346,0.0
75.0,12.634721131874691,0.0
73.0,13.253269603071999,0.0
72.0,13.223052869790154,0.0
72.0,13.038059412559933,0.0
73.0,13.203590505847027,0.0
75.0,13.79665826704297,0.0
75.0,13.79665826704297,0.0
77.0,14.137970155362908,0.0
82.0,16.440040413341986,0.0
85.0,17.10280594735222,0.0
86.0,17.1683318185443,0.0
83.0,17.774936234886944,0.0
83.0,17.774936234886944,0.0
80.0,18.45112402713134,0.0
78.0,17.71009020658352,0.0
78.0,17.71009020658352,0.0
76.0,17.983623543071968,0.0
76.0,16.922580310497402,0.0
76.0,16.354730305607017,0.0
76.0,16.354730305607017,0.0
75.0,16.467259663291827,0.0
75.0,16.467259663291827,0.0
75.0,16.31908413074873,0.0
75.0,16.16955079507876,0.0
76.0,15.692395909091632,0.0
74.0,16.16870476109728,0.0
74.0,16.16870476109728,0.0
73.0,16.16154021687919,0.0
75.0,16.649575348136505,0.0
75.0,16.525621977473353,0.0
75.0,16.407327888078562,0.0
75.0,15.911864483317133,0.0
73.0,16.27441548647046,0.0
74.0,16.400267587975325,0.0
73.0,16.393204247110063,0.0
73.0,15.89730066382328,0.0
72.0,16.03333955845279,0.0
71.0,15.724739218906118,0.0
72.0,13.28941540123353,0.0
71.0,12.608311546762373,0.0
71.0,12.51894060619217,0.0
70.0,11.848428888698022,0.0
70.0,11.848428888698022,0.0
70.0,10.765205405390432,0.0
70.0,10.176552723874469,0.0
70.0,10.176552723874469,0.0
70.0,9.48172090987498,0.0
70.0,9.48172090987498,0.0
71.0,9.734534676325486,0.0
71.0,9.734534676325486,0.0
71.0,9.54294126123838,0.0
70.0,9.794174894664117,0.0
70.0,9.794174894664117,0.0
72.0,10.715520652929685,0.0
72.0,10.541771455226359,0.0
72.0,9.795571506061863,0.001
72.0,9.795571506061863,0.013
71.0,9.82003281224629,0.033
73.0,9.914042542910698,0.066
73.0,9.914042542910698,0.116
75.0,10.691174707866043,0.182
76.0,10.862534422649807,0.256
76.0,10.09859777354166,0.338
76.0,9.892901468267846,0.429
80.0,12.070476576133345,0.526
82.0,12.523995228843955,0.638
81.0,12.459001419032601,0.755
79.0,12.74194363645846,0.882
76.0,13.701285488956358,1.022
77.0,13.661526589532754,1.154
78.0,13.782741825153346,1.301
78.0,13.605360644503639,1.423
78.0,13.605360644503639,1.571
76.0,14.098405306843924,1.753
77.0,14.222134781277262,1.863
78.0,14.3386115506048,2.031
79.0,14.4483966523053,2.171
79.0,14.4483966523053,2.118
79.0,14.27928681239102,2.428
77.0,14.726506591474886,2.546
77.0,14.726506591474886,2.657
78.0,14.67441739556468,2.762
82.0,16.194818181297773,2.861
84.0,15.92145477229526,2.954
83.0,15.998793763150202,3.042
83.0,15.998793763150202,3.124
86.0,16.648067233119587,3.201
89.0,17.058761824366645,3.273
88.0,16.58582195733473,3.341
85.0,17.157863008865814,3.409
82.0,17.338117787695506,3.463
81.0,17.310024836460148,3.517
80.0,17.39237669205365,3.568
80.0,17.39237669205365,3.615
80.0,15.828950822882701,3.662
79.0,15.569391345159385,3.699
79.0,15.481791821062659,3.736
78.0,15.20275799006737,3.77
77.0,14.30001457053556,3.801
75.0,14.675792513692333,3.83
75.0,14.56201299417862,3.854
74.0,14.695169129957526,3.877
74.0,14.695169129957526,3.897
73.0,14.366662081358518,3.915
72.0,14.395857140852163,3.931
73.0,14.431141616592718,3.945
73.0,14.321224240090114,3.956
73.0,14.321224240090114,3.966
72.0,14.472085984252432,3.973
72.0,14.016750986493502,3.979
72.0,14.016750986493502,3.984
70.0,14.561564673864527,3.987
69.0,13.047965078900054,3.99
69.0,12.654338606310132,3.991
68.0,12.771627336538009,3.992
67.0,12.995983892369564,3.992
67.0,12.153141841025016,3.992
66.0,11.636169165192774,3.992
66.0,11.551801834368701,3.993
66.0,10.683695642890859,3.993
65.0,9.921219925368845,3.993
65.0,9.783176168276563,3.993
64.0,9.989340250493859,3.993
64.0,9.989340250493859,3.994
64.0,9.989340250493859,3.994
64.0,9.83781501236577,3.994
64.0,9.83781501236577,3.995
63.0,10.050058360270377,3.995
64.0,10.249803072890735,3.996
64.0,9.521864749346646,3.996
64.0,9.521864749346646,3.997
63.0,9.703174142513438,3.997
63.0,9.703174142513438,3.998
63.0,9.488909890446685,3.998
63.0,9.257191901887197,3.998
63.0,9.01952287583522,3.999
62.0,9.445480293863877,3.999
62.0,9.445480293863877,3.999
63.0,9.630087956772554,4.0
63.0,9.630087956772554,4.0
63.0,9.630087956772554,4.0
63.0,8.593141047316868,4.0
63.0,8.288439906519462,4.001
63.0,8.288439906519462,4.001
64.0,8.40409605279955,4.001
64.0,8.052806837206315,4.001
64.0,8.052806837206315,4.001
64.0,7.662304386299254,4.001
63.0,8.129720902886003,4.001
63.0,8.129720902886003,4.001
63.0,7.718294323277792,4.001
63.0,7.718294323277792,4.001
63.0,7.25519657905395,4.001
63.0,7.25519657905395,4.001
62.0,7.778379167588331,4.001
62.0,7.778379167588331,4.002
63.0,8.268523903867493,4.002
62.0,8.297730965291855,4.002
63.0,8.326835581173585,4.002
63.0,8.326835581173585,4.002
63.0,8.326835581173585,4.002
64.0,8.326835581173585,4.002
64.0,8.326835581173585,4.002
64.0,8.326835581173585,4.002
65.0,8.733291513279772,4.002
65.0,8.733291513279772,4.002
66.0,8.655944216545524,4.002
66.0,8.655944216545524,4.002
66.0,8.189021016329848,4.002
66.0,8.189021016329848,3.999
66.0,8.189021016329848,3.996
65.0,8.577899504189318,3.991
64.0,8.972990012476187,3.987
63.0,9.375286833719715,3.981
63.0,8.972990012476187,3.973
64.0,9.375286833719715,3.962
64.0,9.375286833719715,3.952
64.0,9.375286833719715,3.945
65.0,9.351403083175457,3.934
65.0,9.351403083175457,3.922
65.0,9.351403083175457,3.906
64.0,9.715087723950283,3.892
65.0,10.065640533223682,3.883
65.0,10.065640533223682,3.869
66.0,9.998605351152678,3.854
67.0,10.30091735803928,3.833
67.0,9.911790622440476,3.817
69.0,10.622495707667175,3.806
70.0,10.493614580326897,3.789
71.0,10.72259674296633,3.772
71.0,10.72259674296633,3.748
71.0,10.372686607709273,3.727
72.0,10.59172451944906,3.709
72.0,10.59172451944906,3.69
71.0,10.480574376913678,3.671
70.0,10.709835349894155,3.653
68.0,11.37388329246947,3.632
65.0,13.588470261506686,3.618
65.0,13.588470261506686,3.601
59.0,21.87189651999078,3.587
55.0,25.704385239336624,3.577
53.0,26.65866012857875,3.571
52.0,26.824407254674163,3.568
53.0,26.980849239556246,3.565
63.0,42.47708575490237,3.563
72.0,47.6375161959613,3.561
76.0,48.30585010027583,3.559
80.0,48.84049791674293,3.558
81.0,48.79874848861156,3.557
81.0,48.79874848861156,3.555
81.0,48.79874848861156,3.554
81.0,48.727647841802735,3.552
80.0,48.685801641691604,3.55
80.0,48.685801641691604,3.546
80.0,48.61879252712948,3.542
90.0,50.88350971856498,3.536
99.0,52.07271958911788,3.53
98.0,51.868910114748914,3.523
98.0,51.81930141864906,3.515
84.0,55.02235516031551,3.508
77.0,56.28509247078831,3.497
77.0,56.28509247078831,3.487
77.0,56.24428534181089,3.476
77.0,56.24428534181089,3.465
77.0,56.20344858437866,3.456
77.0,56.16021277403669,3.441
77.0,55.97128331741305,3.428
77.0,55.47524901522286,3.415
76.0,55.50682245311612,3.401
75.0,52.829607635847154,3.391
75.0,51.074767545300865,3.373
75.0,50.51873757121798,3.358
74.0,50.40079130858417,3.343
74.0,50.243814643773675,3.142
73.0,38.10795847257031,3.316
74.0,31.36745268485156,3.296
73.0,30.395839532368274,3.279
73.0,29.5291039151619,3.263
73.0,29.48067453219153,3.246
72.0,29.55425485228239,3.234
72.0,29.55425485228239,3.213
72.0,29.55425485228239,3.201
73.0,29.579384403920315,3.19
73.0,29.579384403920315,3.183
73.0,29.579384403920315,3.179
73.0,25.36648611421363,3.175
72.0,22.92086086201039,3.173
72.0,22.893034416177194,3.171
71.0,22.99310821995192,3.168
70.0,13.655162311130791,3.166
70.0,6.775794468992928,3.165
70.0,6.775794468992928,3.163
70.0,6.775794468992928,3.161
70.0,6.775794468992928,3.159
70.0,6.775794468992928,3.157
70.0,6.775794468992928,3.155
71.0,7.125273653541882,3.152
71.0,7.125273653541882,3.15
71.0,6.8749864797748215,3.149
71.0,6.600909153135591,3.147
71.0,6.600909153135591,3.145
71.0,6.600909153135591,3.143
71.0,6.298906915689383,3.142
71.0,6.298906915689383,3.14
71.0,5.9635602454905285,3.139
71.0,5.60819697145799,3.137
71.0,5.228737490039646,3.136
71.0,5.228737490039646,3.135
71.0,5.228737490039646,3.133
71.0,4.795402667044244,3.132
71.0,4.795402667044244,3.131
71.0,4.795402667044244,3.13
71.0,4.318805128556278,3.129
70.0,4.848732998450928,3.128
70.0,4.848732998450928,3.127
70.0,4.848732998450928,3.126
70.0,4.377945030447035,3.125
70.0,4.377945030447035,3.125
70.0,3.8176434950724185,3.124
70.0,3.117092860927604,3.123
70.0,3.117092860927604,3.122
70.0,3.117092860927604,3.122
69.0,3.8548806568742813,3.121
69.0,3.8548806568742813,3.12
69.0,3.8548806568742813,3.12
68.0,4.506768681502048,3.119
72.0,9.774987491167135,3.118
72.0,9.774987491167135,3.118
72.0,9.774987491167135,3.117
72.0,9.774987491167135,3.117
72.0,9.774987491167135,3.116
68.0,13.25322341576581,3.116
68.0,13.25322341576581,3.115
68.0,13.25322341576581,3.115
68.0,13.25322341576581,3.114
68.0,13.25322341576581,3.114
68.0,13.25322341576581,3.114
68.0,13.25322341576581,3.113
67.0,13.469560624442334,3.113
67.0,13.469560624442334,3.113
68.0,13.682477696778884,3.112
67.0,13.892131889316909,3.112
68.0,14.0986687647274,3.111
68.0,13.925312455585228,3.111
68.0,13.925312455585228,3.111
68.0,13.925312455585228,3.11
68.0,13.925312455585228,3.11
69.0,14.119673723408106,3.11
68.0,14.311395638627475,3.109
68.0,14.311395638627475,3.109
67.0,14.511966704504587,3.109
67.0,14.511966704504587,3.109
67.0,14.333643662989257,3.108
68.0,14.533907704567149,3.108
68.0,14.533907704567149,3.108
68.0,14.345159953623803,3.108
69.0,11.451503076415216,3.108
69.0,11.451503076415216,3.107
69.0,11.451503076415216,3.107
69.0,11.451503076415216,3.107
69.0,11.451503076415216,3.107
69.0,7.144184505835356,3.107
69.0,7.144184505835356,3.107
68.0,7.515998358384746,3.107
68.0,7.515998358384746,3.106
68.0,7.515998358384746,3.106
68.0,7.515998358384746,3.106
68.0,7.515998358384746,3.106
69.0,7.4939947882115705,3.106
69.0,7.4939947882115705,3.106
69.0,7.097804264589012,3.106
68.0,7.074500119507948,3.106
69.0,7.0511189539971575,3.105
69.0,7.0511189539971575,3.105
69.0,7.0511189539971575,3.105
69.0,7.0511189539971575,3.105
69.0,7.0511189539971575,3.105
69.0,6.653376543800429,3.105
68.0,6.653376543800429,3.105
68.0,6.653376543800429,3.105
68.0,6.203731693607447,3.105
68.0,6.203731693607447,3.104
68.0,6.203731693607447,3.104
68.0,5.718842052281678,3.104
68.0,5.718842052281678,3.104
68.0,5.718842052281678,3.104
68.0,5.220564658073022,3.104
68.0,5.220564658073022,3.104
68.0,5.220564658073022,3.104
68.0,5.220564658073022,3.104
69.0,5.718842052281678,3.104
69.0,5.718842052281678,3.104
69.0,5.718842052281678,3.103
69.0,5.220564658073022,3.103
69.0,5.220564658073022,3.103
69.0,5.220564658073022,3.103
68.0,5.718842052281678,3.103
68.0,5.718842052281678,3.103
68.0,5.220564658073022,3.103
68.0,5.220564658073022,3.103
68.0,5.220564658073022,3.103
68.0,4.66941498255369,3.103
68.0,4.043831995703167,3.103
68.0,4.043831995703167,3.103
68.0,4.043831995703167,3.103
68.0,4.043831995703167,3.103
68.0,4.043831995703167,3.103
68.0,4.043831995703167,3.103
69.0,4.043831995703167,3.103
69.0,4.043831995703167,3.103
69.0,4.043831995703167,3.103
69.0,4.043831995703167,3.103
69.0,4.043831995703167,3.103
68.0,4.66941498255369,3.103
68.0,4.66941498255369,3.103
68.0,4.66941498255369,3.103
68.0,4.66941498255369,3.103
68.0,4.66941498255369,3.103
68.0,4.66941498255369,3.103
68.0,4.66941498255369,3.103
68.0,4.043831995703167,3.103
68.0,4.043831995703167,3.103
68.0,4.043831995703167,3.103
68.0,4.043831995703167,3.103
68.0,4.043831995703167,3.103
68.0,4.043831995703167,3.103
68.0,3.3017749983377787,3.103
68.0,3.3017749983377787,3.103
68.0,3.3017749983377787,3.104
68.0,3.3017749983377787,3.104
69.0,4.043831995703167,3.104
68.0,4.66941498255369,3.104
68.0,4.66941498255369,3.104
69.0,5.220564658073022,3.103
69.0,5.220564658073022,3.103
69.0,5.220564658073022,3.103
69.0,5.220564658073022,3.103
69.0,5.220564658073022,3.103
69.0,4.66941498255369,3.103
69.0,4.66941498255369,3.103
69.0,4.66941498255369,3.103
68.0,5.220564658073022,3.103
68.0,5.220564658073022,3.103
68.0,4.66941498255369,3.103
68.0,4.66941498255369,3.103
67.0,5.252101368654369,3.103
68.0,5.776305159351029,3.103
68.0,5.776305159351029,3.103
68.0,5.776305159351029,3.103
68.0,5.776305159351029,3.103
68.0,5.776305159351029,3.103
68.0,5.776305159351029,3.103
68.0,5.776305159351029,3.103
68.0,5.776305159351029,3.103
67.0,6.256743066585804,3.103
68.0,6.702832707788085,3.103
68.0,6.702832707788085,3.103
68.0,6.702832707788085,3.103
68.0,6.702832707788085,3.103
68.0,6.702832707788085,3.103
68.0,6.283081030734008,3.103
68.0,5.833202222531404,3.103
68.0,5.833202222531404,3.103
68.0,5.345595298853168,3.103
68.0,5.345595298853168,3.103
68.0,5.345595298853168,3.103
67.0,5.861443645250316,3.103
67.0,5.861443645250316,3.103
67.0,5.861443645250316,3.103
67.0,5.861443645250316,3.103
67.0,5.861443645250316,3.103
67.0,5.376398658639545,3.103
67.0,5.376398658639545,3.103
67.0,5.376398658639545,3.103
66.0,5.919666543453025,3.103
66.0,5.409373298114382,3.103
67.0,5.442148143893608,3.103
67.0,5.442148143893608,3.103
67.0,5.442148143893608,3.103
67.0,5.442148143893608,3.103
67.0,5.442148143893608,3.103
68.0,5.949630990860598,3.103
67.0,6.417105378185173,3.103
67.0,6.417105378185173,3.103
67.0,5.949630990860598,3.103
67.0,5.442148143893608,3.103
67.0,5.442148143893608,3.103
67.0,5.442148143893608,3.103
67.0,5.442148143893608,3.103
67.0,5.442148143893608,3.103
67.0,5.442148143893608,3.103
67.0,5.442148143893608,3.103
68.0,5.949630990860598,3.103
68.0,5.949630990860598,3.103
68.0,5.949630990860598,3.103
68.0,5.949630990860598,3.103
68.0,5.442148143893608,3.103
68.0,5.442148143893608,3.103
68.0,5.442148143893608,3.103
68.0,5.442148143893608,3.103
68.0,5.442148143893608,3.103
67.0,5.949630990860598,3.103
67.0,5.949630990860598,3.103
67.0,5.949630990860598,3.103
67.0,5.409373298114382,3.103
67.0,5.409373298114382,3.103
67.0,4.808797149942683,3.103
67.0,4.808797149942683,3.103
68.0,5.376398658639545,3.103
67.0,5.889549646954792,3.103
67.0,5.889549646954792,3.102
67.0,5.376398658639545,3.102
66.0,5.409373298114382,3.102
66.0,5.409373298114382,3.102
66.0,5.409373298114382,3.103
66.0,5.409373298114382,3.103
66.0,5.409373298114382,3.103
66.0,5.409373298114382,3.103
66.0,5.409373298114382,3.103
66.0,5.409373298114382,3.103
66.0,5.409373298114382,3.103
66.0,5.409373298114382,3.103
66.0,4.845635868596468,3.103
66.0,4.845635868596468,3.103
66.0,4.845635868596468,3.103
65.0,5.477269545047794,3.103
65.0,5.477269545047794,3.103
65.0,5.477269545047794,3.103
65.0,5.477269545047794,3.103
66.0,6.043242206563254,3.103
66.0,6.043242206563254,3.103
65.0,6.104091951956713,3.103
65.0,6.104091951956713,3.103
65.0,6.104091951956713,3.103
65.0,6.104091951956713,3.103
65.0,6.104091951956713,3.103
65.0,6.104091951956713,3.103
65.0,6.104091951956713,3.103
65.0,5.610597655385609,3.103
66.0,5.6760874060724,3.103
66.0,5.6760874060724,3.103
66.0,5.6760874060724,3.103
66.0,5.106973545292526,3.103
65.0,5.709770003283594,3.103
65.0,5.709770003283594,3.103
65.0,5.709770003283594,3.103
65.0,5.709770003283594,3.103
64.0,6.28773912868713,3.103
64.0,6.28773912868713,3.103
64.0,6.28773912868713,3.103
64.0,6.28773912868713,3.103
64.0,6.28773912868713,3.103
64.0,6.28773912868713,3.103
64.0,6.28773912868713,3.102
65.0,6.816880020247475,3.102
65.0,6.320566312631313,3.102
65.0,6.320566312631313,3.102
65.0,6.320566312631313,3.102
65.0,6.320566312631313,3.102
65.0,5.781804546531331,3.102
65.0,5.781804546531331,3.102
66.0,5.781804546531331,3.102
66.0,5.781804546531331,3.102
66.0,5.781804546531331,3.102
66.0,5.781804546531331,3.102
65.0,6.320566312631313,3.102
65.0,6.320566312631313,3.102
65.0,6.320566312631313,3.102
65.0,6.320566312631313,3.102
65.0,5.781804546531331,3.102
65.0,5.781804546531331,3.102
64.0,6.353223880386745,3.102
64.0,6.353223880386745,3.102
64.0,5.817487342163881,3.102
64.0,5.817487342163881,3.102
64.0,5.817487342163881,3.102
64.0,5.817487342163881,3.102
64.0,5.187385576204157,3.102
65.0,5.817487342163881,3.102
65.0,5.817487342163881,3.102
66.0,6.353223880386745,3.102
66.0,6.353223880386745,3.102
67.0,6.819108675140204,3.102
68.0,7.230586119444026,3.102
68.0,6.734031910428594,3.103
68.0,6.734031910428594,3.103
69.0,7.127274713415696,3.103
69.0,7.127274713415696,3.103
69.0,7.127274713415696,3.103
69.0,7.127274713415696,3.103
69.0,7.127274713415696,3.102
70.0,7.0300488702080175,3.102
69.0,7.3868412797765375,3.103
69.0,7.3868412797765375,3.103
69.0,7.3868412797765375,3.103
69.0,6.931459398606562,3.103
69.0,6.931459398606562,3.103
69.0,6.931459398606562,3.102
69.0,6.931459398606562,3.102
69.0,6.931459398606562,3.102
69.0,6.931459398606562,3.102
69.0,6.411781307445319,3.102
69.0,6.411781307445319,3.102
69.0,6.411781307445319,3.102
69.0,6.411781307445319,3.102
69.0,6.411781307445319,3.102
69.0,6.411781307445319,3.103
69.0,6.411781307445319,3.103
69.0,5.846088408027984,3.103
69.0,5.846088408027984,3.103
69.0,5.2589404804009465,3.103
69.0,5.2589404804009465,3.103
69.0,4.6389293514068255,3.103
69.0,3.967181999860799,3.103
69.0,3.967181999860799,3.103
69.0,3.967181999860799,3.103
68.0,3.967181999860799,3.103
68.0,3.967181999860799,3.103
68.0,3.967181999860799,3.103
68.0,3.967181999860799,3.103
68.0,3.967181999860799,3.103
68.0,3.2549494688738063,3.103
68.0,2.334707491276845,3.103
68.0,2.334707491276845,3.103
68.0,2.334707491276845,3.103
68.0,2.334707491276845,3.103
69.0,3.3017749983377787,3.103
69.0,3.3017749983377787,3.103
70.0,4.005690341844473,3.103
70.0,4.005690341844473,3.103
70.0,4.005690341844473,3.103
71.0,4.572055234417998,3.103
71.0,4.572055234417998,3.103
71.0,4.572055234417998,3.103
71.0,4.572055234417998,3.103
71.0,4.572055234417998,3.103
71.0,4.572055234417998,3.103
71.0,4.572055234417998,3.103
72.0,5.0493256877246635,3.103
73.0,5.462554246995373,3.103
74.0,5.8268067097074425,3.103
75.0,6.152028100368313,3.103
76.0,6.445222044030658,3.103
77.0,6.711555165356999,3.103
78.0,6.954972048826018,3.103
79.0,7.178580696987448,3.103
81.0,7.60286616104161,3.103
81.0,7.60286616104161,3.103
82.0,7.7796942568916485,3.103
83.0,7.94444782224404,3.103
85.0,8.529831928894543,3.103
86.0,8.660466436286383,3.103
87.0,8.783354208219889,3.103
88.0,8.89913387727512,3.103
88.0,8.89913387727512,3.103
88.0,8.89913387727512,3.103
89.0,8.700576527811272,3.103
89.0,8.700576527811272,3.103
90.0,8.51037591171934,3.103
90.0,8.51037591171934,3.103
92.0,8.912231535432756,3.103
92.0,8.635377061213898,3.103
93.0,8.729773367568768,3.103
94.0,8.819250600959034,3.103
94.0,8.819250600959034,3.103
94.0,8.819250600959034,3.103
94.0,8.819250600959034,3.103
94.0,8.819250600959034,3.103
94.0,8.554950632725424,3.103
95.0,8.387381796233711,3.103
95.0,8.138549985400848,3.103
94.0,7.990308167868935,3.103
94.0,7.755745429575138,3.103
93.0,7.630055028701135,3.103
92.0,7.518662270541236,3.103
92.0,7.305470396576161,3.103
91.0,6.584797759893336,3.103
91.0,6.584797759893336,3.103
91.0,6.374911189239814,3.103
91.0,6.168377760890606,3.103
91.0,5.329643765414258,3.103
94.0,6.396828702166794,3.103
94.0,6.227020571015792,3.103
94.0,6.060405314270835,3.103
90.0,7.972131061217356,3.103
90.0,7.972131061217356,3.103
90.0,7.848475421173693,3.103
89.0,7.966735194189497,3.103
89.0,7.848475421173693,3.103
88.0,7.972131061217356,3.103
88.0,7.52020617236238,3.103
88.0,7.52020617236238,3.103
87.0,7.547288747204199,3.103
87.0,7.442535140681017,3.103
87.0,7.442535140681017,3.103
86.0,7.585180391611189,3.103
86.0,7.585180391611189,3.103
86.0,7.585180391611189,3.103
85.0,7.73179201299007,3.102
86.0,7.779553446240771,3.102
86.0,7.779553446240771,3.102
86.0,7.682229478142535,3.102
86.0,7.682229478142535,3.102
86.0,7.579341108661016,3.103
86.0,7.47042204842973,3.103
86.0,7.47042204842973,3.103
86.0,7.3549391329122775,3.103
86.0,7.3549391329122775,3.103
86.0,7.3549391329122775,3.103
86.0,7.3549391329122775,3.103
86.0,7.3549391329122775,3.103
86.0,6.271775562896396,3.103
86.0,6.271775562896396,3.103
86.0,6.271775562896396,3.103
86.0,3.5367792732032384,3.103
86.0,3.5367792732032384,3.103
86.0,3.5367792732032384,3.103
86.0,3.261672026705021,3.103
86.0,3.261672026705021,3.103
86.0,2.946556836263481,3.103
86.0,2.946556836263481,3.103
86.0,2.946556836263481,3.103
86.0,2.57583473280399,3.103
87.0,2.9628629437978513,3.103
87.0,2.9628629437978513,3.103
87.0,2.57583473280399,3.103
87.0,2.57583473280399,3.103
87.0,2.57583473280399,3.103
87.0,2.0950604792857974,3.102
87.0,1.4641148360053824,3.102
88.0,2.0471699664714507,3.102
88.0,2.0471699664714507,3.102
88.0,2.0471699664714507,3.102
87.0,2.497634378814156,3.102
87.0,2.497634378814156,3.102
87.0,2.497634378814156,3.102
87.0,2.497634378814156,3.102
87.0,2.497634378814156,3.102
86.0,2.8951355310668,3.102
86.0,2.8951355310668,3.102
86.0,2.8951355310668,3.102
86.0,2.8951355310668,3.102
86.0,2.8951355310668,3.102
86.0,2.8951355310668,3.102
86.0,2.8951355310668,3.102
87.0,3.2442937592419883,3.102
87.0,3.2442937592419883,3.102
87.0,3.2442937592419883,3.102
87.0,3.2442937592419883,3.102
87.0,3.2442937592419883,3.102
87.0,3.2442937592419883,3.102
86.0,3.559364304095266,3.102
86.0,3.559364304095266,3.102
86.0,3.2442937592419883,3.102
86.0,3.2442937592419883,3.102
86.0,3.2442937592419883,3.102
86.0,3.2442937592419883,3.102
86.0,3.2442937592419883,3.102
86.0,3.2442937592419883,3.102
86.0,3.2442937592419883,3.102
85.0,3.2747237343780657,3.102
85.0,3.2747237343780657,3.102
85.0,3.2747237343780657,3.102
85.0,2.9455972090371367,3.102
85.0,2.9455972090371367,3.102
85.0,2.9455972090371367,3.102
85.0,2.9455972090371367,3.102
85.0,2.9455972090371367,3.102
85.0,2.5559559199791186,3.102
85.0,2.5559559199791186,3.102
86.0,2.9628629437978513,3.102
86.0,2.9628629437978513,3.102
86.0,2.9628629437978513,3.102
86.0,2.9628629437978513,3.102
86.0,2.9628629437978513,3.102
86.0,2.57583473280399,3.102
86.0,2.57583473280399,3.102
86.0,2.57583473280399,3.102
86.0,2.57583473280399,3.102
86.0,2.57583473280399,3.102
86.0,2.57583473280399,3.102
86.0,2.119266929319743,3.102
86.0,2.119266929319743,3.102
86.0,2.119266929319743,3.102
86.0,2.119266929319743,3.102
86.0,2.119266929319743,3.102
86.0,2.119266929319743,3.102
85.0,2.595561302794157,3.101
85.0,2.595561302794157,3.101
85.0,2.595561302794157,3.101
85.0,2.119266929319743,3.101
84.0,2.616330705525791,3.101
84.0,2.616330705525791,3.102
84.0,2.616330705525791,3.102
85.0,3.0329985828624837,3.102
85.0,3.0329985828624837,3.102
85.0,3.0329985828624837,3.102
85.0,3.0329985828624837,3.102
85.0,3.0329985828624837,3.102
85.0,3.0329985828624837,3.102
84.0,3.0507914199040904,3.102
85.0,3.4148531931444968,3.102
85.0,3.4148531931444968,3.102
84.0,3.7436768521999753,3.102
84.0,3.7436768521999753,3.102
84.0,3.7436768521999753,3.102
84.0,3.7436768521999753,3.102
84.0,3.7436768521999753,3.102
84.0,3.7436768521999753,3.102
84.0,3.7436768521999753,3.102
84.0,3.7436768521999753,3.102
84.0,3.7436768521999753,3.102
85.0,4.045863370983586,3.102
84.0,4.326997164274021,3.102
85.0,4.590947451518495,3.102
85.0,4.590947451518495,3.102
85.0,4.590947451518495,3.102
85.0,4.33948756695419,3.102
85.0,4.33948756695419,3.102
85.0,4.33948756695419,3.102
85.0,4.33948756695419,3.102
85.0,4.059218927426956,3.102
85.0,4.059218927426956,3.102
85.0,4.059218927426956,3.102
85.0,3.7581064723890543,3.102
85.0,3.7581064723890543,3.102
85.0,3.7581064723890543,3.102
85.0,3.7581064723890543,3.102
85.0,3.7581064723890543,3.102
84.0,4.059218927426956,3.102
84.0,3.7581064723890543,3.102
84.0,3.4306661473894176,3.102
84.0,3.4306661473894176,3.102
84.0,3.06848108546802,3.102
84.0,3.06848108546802,3.102
84.0,3.06848108546802,3.102
84.0,3.06848108546802,3.102
84.0,3.06848108546802,3.102
84.0,3.06848108546802,3.102
85.0,3.4306661473894176,3.102
84.0,3.7581064723890543,3.102
85.0,4.059218927426956,3.102
84.0,4.059218927426956,3.101
84.0,3.7581064723890543,3.101
84.0,3.4306661473894176,3.101
84.0,3.4306661473894176,3.101
84.0,3.4306661473894176,3.102
84.0,3.4306661473894176,3.102
85.0,3.7581064723890543,3.102
85.0,3.7581064723890543,3.102
85.0,3.7581064723890543,3.102
85.0,3.7581064723890543,3.102
85.0,3.7581064723890543,3.102
85.0,3.7581064723890543,3.102
86.0,4.045863370983586,3.102
86.0,4.045863370983586,3.102
86.0,4.045863370983586,3.102
86.0,4.045863370983586,3.102
85.0,4.314470601999837,3.102
85.0,4.0324635810571285,3.102
85.0,4.0324635810571285,3.103
85.0,4.0324635810571285,3.103
85.0,4.0324635810571285,3.103
85.0,4.0324635810571285,3.103
85.0,4.0324635810571285,3.103
85.0,4.0324635810571285,3.102
85.0,4.0324635810571285,3.102
85.0,4.0324635810571285,3.102
85.0,4.0324635810571285,3.102
85.0,3.729191398893778,3.102
85.0,3.398966673360388,3.102
85.0,3.0329985828624837,3.102
85.0,2.616330705525791,3.102
85.0,2.616330705525791,3.102
85.0,2.616330705525791,3.102
85.0,2.616330705525791,3.102
85.0,2.616330705525791,3.102
85.0,2.616330705525791,3.102
85.0,2.119266929319743,3.102
85.0,2.119266929319743,3.102
85.0,2.119266929319743,3.102
85.0,2.119266929319743,3.102
85.0,2.119266929319743,3.102
85.0,2.119266929319743,3.102
85.0,1.498548016866382,3.102
85.0,1.498548016866382,3.102
85.0,1.498548016866382,3.102
85.0,1.498548016866382,3.102
85.0,0.0,3.102
85.0,0.0,3.102
85.0,0.0,3.102
85.0,0.0,3.102
85.0,0.0,3.102
85.0,0.0,3.102
85.0,0.0,3.102
85.0,0.0,3.102
85.0,0.0,3.102
85.0,0.0,3.102
85.0,0.0,3.102
85.0,0.0,3.102
85.0,0.0,3.102
85.0,0.0,3.102
85.0,0.0,3.102
85.0,0.0,3.102
85.0,0.0,3.102
86.0,1.498548016866382,3.102
86.0,1.498548016866382,3.102
86.0,1.498548016866382,3.102
86.0,1.498548016866382,3.102
87.0,2.0950604792857974,3.102
87.0,2.0950604792857974,3.102
87.0,2.0950604792857974,3.102
87.0,2.0950604792857974,3.102
87.0,2.0950604792857974,3.102
86.0,2.5559559199791186,3.102
86.0,2.5559559199791186,3.102
86.0,2.5559559199791186,3.102
86.0,2.5559559199791186,3.102
85.0,2.9628629437978513,3.102
85.0,2.9628629437978513,3.102
85.0,2.9628629437978513,3.102
85.0,2.9628629437978513,3.102
85.0,2.9628629437978513,3.102
85.0,2.9628629437978513,3.102
85.0,2.9628629437978513,3.102
85.0,2.9628629437978513,3.102
86.0,3.3202715224187065,3.102
85.0,3.64278041356308,3.102
85.0,3.64278041356308,3.102
85.0,3.64278041356308,3.102
85.0,3.64278041356308,3.102
85.0,3.64278041356308,3.102
86.0,3.9389713505295982,3.102
85.0,4.21439692709967,3.102
86.0,4.472894769386074,3.102
86.0,4.21439692709967,3.102
86.0,4.21439692709967,3.102
86.0,4.21439692709967,3.102
86.0,4.21439692709967,3.102
86.0,3.9518994428168424,3.102
85.0,4.226482623292119,3.102
85.0,4.226482623292119,3.102
85.0,4.226482623292119,3.102
85.0,4.226482623292119,3.102
85.0,3.9647853803174726,3.102
84.0,4.251284177157287,3.102
84.0,4.251284177157287,3.102
84.0,4.251284177157287,3.102
84.0,3.978413125367167,3.102
85.0,4.263996369494526,3.102
85.0,4.263996369494526,3.102
85.0,4.263996369494526,3.102
98.0,17.61951816161259,3.102
98.0,17.61951816161259,3.102
98.0,17.61951816161259,3.102
98.0,17.61951816161259,3.102
85.0,24.504438971273654,3.102
85.0,24.45857483865364,3.102
85.0,24.45857483865364,3.102
85.0,24.45857483865364,3.102
85.0,24.45857483865364,3.102
85.0,24.45857483865364,3.102
84.0,24.460787620641643,3.102
84.0,24.414841487572293,3.102
84.0,24.368808725590732,3.102
84.0,24.368808725590732,3.102
84.0,24.368808725590732,3.102
84.0,24.368808725590732,3.102
84.0,24.368808725590732,3.102
84.0,24.368808725590732,3.102
84.0,24.322688842839167,3.102
84.0,24.322688842839167,3.102
84.0,24.322688842839167,3.102
84.0,24.322688842839167,3.102
84.0,24.322688842839167,3.102
84.0,24.274251759891676,3.102
92.0,26.792447095294726,3.102
92.0,26.792447095294726,3.102
85.0,28.53048228818353,3.102
92.0,30.129515824114613,3.102
92.0,30.129515824114613,3.102
92.0,30.129515824114613,3.102
92.0,24.809715205685848,3.102
92.0,24.809715205685848,3.102
85.0,26.67724061497791,3.102
93.0,28.889038161193707,3.102
93.0,23.28756686883739,3.102
93.0,23.28756686883739,3.102
93.0,23.28756686883739,3.102
85.0,25.791706607358343,3.102
84.0,25.83729908026419,3.102
84.0,25.83729908026419,3.102
84.0,25.791706607358343,3.102
84.0,25.791706607358343,3.102
84.0,25.791706607358343,3.102
84.0,25.791706607358343,3.102
84.0,25.791706607358343,3.102
84.0,25.791706607358343,3.102
84.0,25.791706607358343,3.102
85.0,25.83729908026419,3.102
85.0,25.83729908026419,3.102
85.0,25.83729908026419,3.102
85.0,25.83729908026419,3.102
85.0,25.83729908026419,3.102
86.0,25.880720042569816,3.102
86.0,25.880720042569816,3.102
86.0,23.264044082452916,3.102
86.0,23.264044082452916,3.102
86.0,21.09650560704604,3.102
86.0,18.679115358761976,3.102
86.0,18.679115358761976,3.102
86.0,18.679115358761976,3.102
86.0,18.679115358761976,3.102
86.0,18.679115358761976,3.102
86.0,15.89830658729885,3.102
85.0,11.493495528042155,3.102
85.0,11.493495528042155,3.102
85.0,11.493495528042155,3.102
85.0,11.493495528042155,3.102
85.0,3.0329985828624837,3.102
85.0,2.616330705525791,3.102
85.0,2.616330705525791,3.102
85.0,2.616330705525791,3.102
85.0,2.616330705525791,3.102
86.0,3.015100747824399,3.102
86.0,3.015100747824399,3.102
86.0,3.015100747824399,3.102
86.0,3.015100747824399,3.102
86.0,3.015100747824399,3.102
87.0,2.9800286457639245,3.102
87.0,2.9800286457639245,3.102
87.0,2.9800286457639245,3.102
87.0,2.9800286457639245,3.102
87.0,2.9800286457639245,3.102
87.0,2.57583473280399,3.102
87.0,2.57583473280399,3.102
87.0,2.57583473280399,3.102
87.0,2.57583473280399,3.102
87.0,2.57583473280399,3.102
87.0,2.57583473280399,3.102
87.0,2.57583473280399,3.102
87.0,2.57583473280399,3.102
87.0,2.57583473280399,3.102
87.0,2.57583473280399,3.102
87.0,2.57583473280399,3.102
87.0,2.0950604792857974,3.102
87.0,2.0950604792857974,3.102
87.0,2.0950604792857974,3.102
87.0,2.0950604792857974,3.102
87.0,2.0950604792857974,3.102
87.0,2.0950604792857974,3.102
88.0,2.53703587488961,3.102
88.0,2.53703587488961,3.102
88.0,2.53703587488961,3.102
88.0,2.0471699664714507,3.102
88.0,2.0471699664714507,3.102
87.0,2.497634378814156,3.102
87.0,2.497634378814156,3.102
87.0,2.497634378814156,3.102
87.0,2.023498267165877,3.102
87.0,2.023498267165877,3.102
87.0,2.023498267165877,3.102
87.0,2.023498267165877,3.102
87.0,2.023498267165877,3.102
87.0,2.023498267165877,3.102
87.0,2.023498267165877,3.102
87.0,2.023498267165877,3.102
88.0,2.4782691249811752,3.102
88.0,2.4782691249811752,3.102
88.0,2.4782691249811752,3.102
88.0,2.4782691249811752,3.102
88.0,2.4782691249811752,3.101
88.0,2.4782691249811752,3.101
88.0,2.4782691249811752,3.101
88.0,2.4782691249811752,3.101
88.0,2.4782691249811752,3.101
87.0,2.86165869286444,3.101
87.0,2.86165869286444,3.101
87.0,2.86165869286444,3.101
87.0,2.86165869286444,3.102
86.0,3.2144552769415973,3.102
86.0,2.8784457800775107,3.102
85.0,3.24516506016261,3.102
85.0,3.24516506016261,3.102
85.0,3.24516506016261,3.102
85.0,3.24516506016261,3.102
85.0,2.912700404965904,3.102
85.0,2.912700404965904,3.102
85.0,2.912700404965904,3.102
85.0,2.912700404965904,3.102
85.0,2.912700404965904,3.102
85.0,2.912700404965904,3.102
85.0,2.912700404965904,3.102
86.0,3.2755869409836627,3.102
86.0,3.2755869409836627,3.102
86.0,3.2755869409836627,3.102
87.0,3.587910542495977,3.102
87.0,3.290262822684857,3.102
87.0,3.290262822684857,3.102
86.0,3.601313884591732,3.102
85.0,3.9006547981342,3.102
84.0,4.191539323109842,3.102
83.0,4.476346915370436,3.102
83.0,4.476346915370436,3.102
83.0,4.476346915370436,3.102
83.0,4.476346915370436,3.102
83.0,4.241510236712245,3.102
83.0,4.241510236712245,3.102
83.0,4.241510236712245,3.102
83.0,4.241510236712245,3.102
83.0,3.9808010293311193,3.102
83.0,3.9808010293311193,3.101
83.0,3.687971078556546,3.101
83.0,3.687971078556546,3.101
82.0,4.0238960157929915,3.101
81.0,4.3487708624295225,3.102
81.0,4.3487708624295225,3.102
80.0,4.665792019940435,3.102
80.0,4.665792019940435,3.102
79.0,4.9773416193734645,3.102
79.0,4.9773416193734645,3.102
79.0,4.9773416193734645,3.102
80.0,5.27050699824549,3.102
79.0,5.341995159330261,3.102
80.0,5.6161576460170135,3.102
80.0,5.6161576460170135,3.102
80.0,5.421954855207142,3.102
80.0,5.421954855207142,3.102
81.0,5.679383911246723,3.102
80.0,5.741914011698615,3.102
80.0,5.542917134405558,3.102
80.0,5.326353003314554,3.102
81.0,5.3627570955406405,3.102
81.0,5.3627570955406405,3.102
81.0,5.3627570955406405,3.102
81.0,5.3627570955406405,3.102
82.0,5.610635662184169,3.102
82.0,5.610635662184169,3.102
83.0,5.83693763915788,3.102
84.0,6.044710151280066,3.102
84.0,6.044710151280066,3.102
84.0,6.044710151280066,3.102
85.0,6.236378344516714,3.102
85.0,6.236378344516714,3.102
85.0,6.025098039560174,3.102
85.0,5.794975195659646,3.102
84.0,5.994633563553263,3.102
83.0,5.962088913411622,3.102
83.0,5.962088913411622,3.102
82.0,5.927292658411894,3.102
82.0,5.927292658411894,3.102
82.0,5.927292658411894,3.102
82.0,5.668199346869879,3.102
83.0,5.631587510009401,3.102
83.0,5.358214577663577,3.102
83.0,5.358214577663577,3.102
83.0,5.358214577663577,3.102
82.0,5.5947360911781745,3.102
81.0,5.582412886781944,3.102
80.0,5.582412886781944,3.102
80.0,5.582412886781944,3.102
80.0,5.582412886781944,3.102
80.0,5.3202938339047865,3.102
80.0,5.3202938339047865,3.102
79.0,5.595519716853182,3.102
79.0,5.595519716853182,3.102
79.0,5.346940436706903,3.102
79.0,5.346940436706903,3.102
79.0,5.098937493639849,3.102
79.0,4.8508229976444115,3.102
79.0,4.8508229976444115,3.102
80.0,5.1511938593964155,3.102
80.0,4.917408274092622,3.102
80.0,4.917408274092622,3.102
80.0,4.917408274092622,3.102
81.0,5.199876084440707,3.102
81.0,4.968381753707102,3.102
81.0,4.71339977521527,3.102
82.0,4.993616556064417,3.102
82.0,4.727113055486982,3.102
82.0,4.727113055486982,3.102
82.0,4.727113055486982,3.102
81.0,5.006562364273192,3.102
81.0,4.740786668656542,3.102
81.0,4.740786668656542,3.102
80.0,5.033176471884869,3.102
80.0,5.033176471884869,3.102
80.0,4.768884243456768,3.102
79.0,4.798593802573453,3.102
79.0,4.490957060880512,3.102
79.0,4.490957060880512,3.101
79.0,4.490957060880512,3.1
79.0,4.490957060880512,3.098
79.0,4.490957060880512,3.095
78.0,4.508299626608101,3.092
78.0,4.508299626608101,3.089
78.0,4.508299626608101,3.086
78.0,4.508299626608101,3.083
78.0,4.508299626608101,3.079
77.0,4.8632734845570535,3.076
77.0,4.8632734845570535,3.073
77.0,4.543909612105888,3.07
76.0,4.914387052701462,3.067
76.0,4.914387052701462,3.064
76.0,4.914387052701462,3.062
76.0,4.614476453980012,3.059
76.0,4.614476453980012,3.057
76.0,4.614476453980012,3.055
77.0,4.698660406659128,3.052
77.0,4.698660406659128,3.051
77.0,4.698660406659128,3.049
76.0,5.057815255411926,3.047
76.0,4.78136238847008,3.045
76.0,4.78136238847008,3.043
76.0,4.78136238847008,3.042
76.0,4.4725405677816354,3.04
76.0,4.4725405677816354,3.039
77.0,4.8484744684512835,3.037
77.0,4.528066943919506,3.036
78.0,4.881603600348711,3.035
78.0,4.881603600348711,3.033
78.0,4.881603600348711,3.032
78.0,4.881603600348711,3.031
77.0,5.211210720481226,3.03
77.0,4.898605163722508,3.029
76.0,5.244084104094853,3.027
76.0,5.244084104094853,3.026
77.0,5.5681687861981874,3.025
77.0,5.5681687861981874,3.024
77.0,5.2609733100701845,3.023
77.0,5.2609733100701845,3.022
77.0,5.2609733100701845,3.022
77.0,4.916681261633639,3.021
76.0,5.2609733100701845,3.02
77.0,5.584077874639851,3.019
77.0,5.584077874639851,3.019
77.0,5.584077874639851,3.018
77.0,5.584077874639851,3.017
76.0,5.584077874639851,3.017
76.0,5.584077874639851,3.016
76.0,5.584077874639851,3.016
76.0,5.2609733100701845,3.015
76.0,5.2609733100701845,3.015
76.0,5.2609733100701845,3.014
76.0,5.2609733100701845,3.014
76.0,5.2609733100701845,3.013
76.0,5.2609733100701845,3.013
76.0,4.916681261633639,3.012
75.0,5.278938537020176,3.012
75.0,4.953839784986567,3.011
75.0,4.953839784986567,3.011
75.0,4.953839784986567,3.011
75.0,4.953839784986567,3.01
75.0,4.605851186588077,3.01
76.0,4.990721651438013,3.01
76.0,4.626361103649463,3.009
76.0,4.626361103649463,3.009
77.0,4.626361103649463,3.009
76.0,4.990721651438013,3.008
76.0,4.990721651438013,3.008
76.0,4.990721651438013,3.008
75.0,5.347965973271477,3.008
75.0,5.347965973271477,3.007
75.0,5.009656126970997,3.007
76.0,5.028519306800356,3.007
76.0,5.028519306800356,3.006
76.0,5.028519306800356,3.006
76.0,5.028519306800356,3.006
76.0,4.667110549161274,3.006
76.0,4.667110549161274,3.006
76.0,4.667110549161274,3.006
75.0,5.0473119902805506,3.006
75.0,5.0473119902805506,3.005
75.0,5.0473119902805506,3.005
75.0,5.0473119902805506,3.005
75.0,5.0473119902805506,3.005
75.0,5.0473119902805506,3.005
75.0,5.0473119902805506,3.005
74.0,5.067316271313854,3.005
74.0,5.067316271313854,3.005
74.0,5.067316271313854,3.005
75.0,5.438149272404337,3.005
75.0,5.438149272404337,3.004
75.0,5.438149272404337,3.004
75.0,5.087241891223028,3.004
75.0,5.087241891223028,3.004
75.0,5.087241891223028,3.004
75.0,4.73032181981765,3.004
74.0,4.771544015693576,3.004
74.0,4.771544015693576,3.004
74.0,4.771544015693576,3.004
74.0,4.367401383496118,3.004
75.0,4.792699464810358,3.004
75.0,4.792699464810358,3.004
75.0,4.390504607770742,3.004
75.0,4.390504607770742,3.004
75.0,4.390504607770742,3.004
75.0,4.390504607770742,3.003
75.0,4.390504607770742,3.003
75.0,4.390504607770742,3.003
75.0,4.390504607770742,3.003
74.0,4.4134868955451125,3.003
75.0,4.83473265988701,3.003
75.0,4.83473265988701,3.003
76.0,5.202699043930515,3.003
77.0,5.529209969108334,3.003
77.0,5.529209969108334,3.003
77.0,5.529209969108334,3.003
76.0,5.49367591943944,3.003
76.0,5.49367591943944,3.003
75.0,5.8201299433059175,3.003
75.0,5.475229606284695,3.003
75.0,5.475229606284695,3.002
76.0,5.802721490014305,3.002
76.0,5.802721490014305,3.002
76.0,5.802721490014305,3.002
76.0,5.802721490014305,3.002
76.0,5.802721490014305,3.002
75.0,5.785260653106437,3.002
75.0,5.785260653106437,3.002
76.0,6.096119935952612,3.002
76.0,6.096119935952612,3.002
76.0,5.767746956835849,3.002
76.0,5.767746956835849,3.002
75.0,6.079501822289928,3.002
75.0,6.079501822289928,3.002
75.0,6.079501822289928,3.002
75.0,6.079501822289928,3.002
75.0,6.079501822289928,3.002
75.0,6.079501822289928,3.002
76.0,6.376031669962433,3.002
76.0,6.0628381588934275,3.002
76.0,5.732559046839776,3.002
75.0,6.046128569145873,3.002
75.0,5.732559046839776,3.002
75.0,5.4183159454514165,3.001
75.0,5.4183159454514165,3.001
75.0,5.4183159454514165,3.001
75.0,5.0846889918619,3.001
75.0,5.0846889918619,3.001
75.0,4.707507269757978,3.001
75.0,4.707507269757978,3.001
75.0,4.707507269757978,3.001
75.0,4.297346535443337,3.001
75.0,4.297346535443337,3.001
75.0,4.297346535443337,3.001
75.0,4.297346535443337,3.001
75.0,4.297346535443337,3.001
75.0,3.843663590449804,3.001
75.0,3.843663590449804,3.001
75.0,3.328710312930837,3.001
75.0,3.328710312930837,3.001
75.0,3.328710312930837,3.001
75.0,3.328710312930837,3.001
76.0,3.328710312930837,3.001
75.0,3.843663590449804,3.001
75.0,3.843663590449804,3.001
75.0,3.843663590449804,3.001
75.0,3.843663590449804,3.001
74.0,4.32082435560382,3.001
74.0,3.86989478705065,3.001
74.0,3.86989478705065,3.001
74.0,3.86989478705065,3.001
74.0,3.358965348690639,3.001
74.0,3.358965348690639,3.001
75.0,3.8959493745599563,3.001
75.0,3.8959493745599563,3.001
75.0,3.8959493745599563,3.001
74.0,4.367401383496118,3.001
74.0,4.367401383496118,3.001
74.0,4.367401383496118,3.001
74.0,4.367401383496118,3.001
74.0,4.367401383496118,3.001
74.0,4.367401383496118,3.001
74.0,4.367401383496118,3.001
75.0,4.792699464810358,3.001
74.0,5.183217290006582,3.001
74.0,5.183217290006582,3.001
74.0,5.183217290006582,3.001
74.0,5.183217290006582,3.001
75.0,5.546306409751707,3.001
75.0,5.546306409751707,3.001
75.0,5.546306409751707,3.001
75.0,5.546306409751707,3.001
75.0,5.202699043930515,3.001
74.0,5.222108119141906,3.001
74.0,5.222108119141906,3.001
73.0,5.6020166671416005,3.001
73.0,5.6020166671416005,3.001
73.0,5.242787180832597,3.001
73.0,5.242787180832597,3.001
73.0,5.242787180832597,3.001
73.0,5.242787180832597,3.001
73.0,5.242787180832597,3.001
73.0,5.242787180832597,3.001
73.0,4.857061262540644,3.001
73.0,4.857061262540644,3.001
73.0,4.857061262540644,3.001
73.0,4.4379354200622645,3.001
74.0,4.879287686083667,3.001
74.0,4.879287686083667,3.001
74.0,4.879287686083667,3.001
75.0,5.263384998173456,3.001
75.0,5.263384998173456,3.001
75.0,5.263384998173456,3.001
75.0,4.879287686083667,3.001
75.0,4.462249993908681,3.001
75.0,4.462249993908681,3.001
75.0,4.462249993908681,3.001
75.0,4.462249993908681,3.001
75.0,4.001987217959139,3.001
75.0,4.001987217959139,3.001
75.0,4.001987217959139,3.001
75.0,4.001987217959139,3.001
75.0,4.001987217959139,3.002
75.0,3.481397474761916,3.002
74.0,4.001987217959139,3.002
74.0,3.4501774101897795,3.002
74.0,3.4501774101897795,3.002
74.0,3.4501774101897795,3.001
74.0,3.4501774101897795,3.001
73.0,4.001987217959139,3.001
73.0,4.001987217959139,3.001
74.0,4.486432794953338,3.001
74.0,4.486432794953338,3.001
74.0,4.486432794953338,3.001
74.0,4.486432794953338,3.001
73.0,4.923439524819746,3.001
73.0,4.923439524819746,3.001
73.0,4.486432794953338,3.002
73.0,4.486432794953338,3.002
73.0,4.486432794953338,3.002
72.0,4.536090266832679,3.002
73.0,4.991985968480401,3.002
72.0,5.4095963722034055,3.001
72.0,5.4095963722034055,3.001
72.0,5.4095963722034055,3.002
73.0,5.797201213586371,3.001
73.0,5.797201213586371,3.002
73.0,5.797201213586371,3.002
74.0,6.1416381724855595,3.002
74.0,6.1416381724855595,3.001
73.0,6.467758264859336,2.999
73.0,6.467758264859336,2.998
73.0,6.467758264859336,2.995
73.0,6.467758264859336,2.992
74.0,6.484466145192759,2.989
74.0,6.484466145192759,2.985
74.0,6.484466145192759,2.98
73.0,6.79415033091523,2.976
73.0,6.79415033091523,2.97
73.0,6.484466145192759,2.965
74.0,6.79415033091523,2.959
73.0,6.79415033091523,2.953
73.0,6.79415033091523,2.946
74.0,7.09032130795213,2.938
74.0,7.09032130795213,2.932
74.0,6.79415033091523,2.924
74.0,6.79415033091523,2.917
74.0,6.79415033091523,2.909
73.0,7.09032130795213,2.9
74.0,7.374607364526228,2.892
73.0,7.358885942260413,2.884
73.0,7.057577014142097,2.875
73.0,6.742817238357854,2.866
73.0,6.742817238357854,2.857
73.0,6.742817238357854,2.848
73.0,6.412626241193602,2.839
73.0,6.412626241193602,2.829
73.0,6.412626241193602,2.819
73.0,6.0835514116608165,2.81
73.0,6.0835514116608165,2.8
73.0,5.735627275843143,2.79
73.0,5.735627275843143,2.78
73.0,5.735627275843143,2.77
73.0,5.735627275843143,2.76
73.0,5.365188041110149,2.75
73.0,5.365188041110149,2.739
74.0,5.735627275843143,2.729
73.0,5.735627275843143,2.719
73.0,5.735627275843143,2.709
73.0,5.735627275843143,2.698
73.0,5.365188041110149,2.688
73.0,4.967198927519098,2.677
73.0,4.967198927519098,2.667
73.0,4.534411500362797,2.657
73.0,4.534411500362797,2.646
73.0,4.534411500362797,2.635
73.0,4.534411500362797,2.625
73.0,4.534411500362797,2.614
73.0,4.055700941107211,2.605
74.0,4.055700941107211,2.593
74.0,3.5123400451513,2.583
74.0,3.5123400451513,2.572
74.0,3.5123400451513,2.562
74.0,3.5123400451513,2.553
73.0,4.055700941107211,2.541
73.0,4.055700941107211,2.531
73.0,4.055700941107211,2.52
73.0,4.055700941107211,2.51
73.0,4.055700941107211,2.501
72.0,4.559881481392796,2.49
72.0,4.559881481392796,2.479
73.0,5.013614277644422,2.469
73.0,5.013614277644422,2.459
73.0,5.013614277644422,2.451
73.0,5.013614277644422,2.439
73.0,5.013614277644422,2.429
73.0,4.585209983640392,2.419
73.0,4.112416936930281,2.409
73.0,4.112416936930281,2.401
73.0,4.112416936930281,2.39
73.0,4.112416936930281,2.38
73.0,4.112416936930281,2.37
73.0,4.112416936930281,2.361
73.0,4.112416936930281,2.353
73.0,4.112416936930281,2.342
74.0,4.585209983640392,2.332
74.0,4.585209983640392,2.323
74.0,4.585209983640392,2.313
74.0,4.585209983640392,2.306
74.0,4.112416936930281,2.295
74.0,4.112416936930281,2.286
74.0,4.112416936930281,2.276
74.0,4.112416936930281,2.267
74.0,4.112416936930281,2.261
74.0,3.5776801886455085,2.249
74.0,3.5776801886455085,2.241
74.0,3.5776801886455085,2.232
74.0,3.5776801886455085,2.223
75.0,4.086021151151356,2.217
75.0,3.5145070560471505,2.206
75.0,3.5145070560471505,2.197
75.0,2.8298323000407932,2.188
75.0,2.8298323000407932,2.18
74.0,3.4501774101897795,2.174
74.0,3.4501774101897795,2.163
74.0,3.4501774101897795,2.155
75.0,3.97485817070415,2.147
75.0,3.97485817070415,2.138
75.0,3.97485817070415,2.133
74.0,4.4379354200622645,2.122
74.0,4.4379354200622645,2.114
74.0,4.4379354200622645,2.106
74.0,4.4379354200622645,2.098
74.0,4.4379354200622645,2.093
73.0,4.879287686083667,2.083
73.0,4.4379354200622645,2.075
73.0,4.4379354200622645,2.067
74.0,4.879287686083667,2.06
74.0,4.879287686083667,2.055
74.0,4.879287686083667,2.045
74.0,4.879287686083667,2.037
73.0,5.283902521289751,2.03
73.0,5.283902521289751,2.023
73.0,5.283902521289751,2.015
73.0,5.283902521289751,2.008
73.0,5.283902521289751,2.001
73.0,5.283902521289751,1.994
73.0,5.283902521289751,1.987
73.0,4.90141332057015,1.979
73.0,4.90141332057015,1.973
73.0,4.90141332057015,1.966
73.0,4.90141332057015,1.959
74.0,5.304340681930882,1.952
74.0,4.923439524819746,1.945
74.0,4.923439524819746,1.939
74.0,4.923439524819746,1.932
73.0,4.9453676273915255,1.926
73.0,4.9453676273915255,1.903
73.0,4.9453676273915255,1.897
73.0,4.534411500362797,1.89
73.0,4.534411500362797,1.884
73.0,4.534411500362797,1.878
73.0,4.534411500362797,1.872
73.0,4.534411500362797,1.866
74.0,4.534411500362797,1.86
74.0,4.534411500362797,1.854
74.0,4.534411500362797,1.848
73.0,4.534411500362797,1.842
73.0,4.534411500362797,1.836
72.0,4.990460565446183,1.83
72.0,4.990460565446183,1.825
72.0,4.559881481392796,1.819
72.0,4.559881481392796,1.813
72.0,4.559881481392796,1.807
72.0,4.559881481392796,1.802
72.0,4.559881481392796,1.796
72.0,4.559881481392796,1.606
72.0,4.559881481392796,1.785
71.0,5.038305266505405,1.78
71.0,5.038305266505405,1.774
71.0,5.038305266505405,1.769
71.0,5.038305266505405,1.764
71.0,4.612194968512456,1.758
71.0,4.612194968512456,1.753
71.0,4.612194968512456,1.748
72.0,5.085699879241671,1.743
72.0,4.663921711477828,1.738
72.0,4.663921711477828,1.732
72.0,4.663921711477828,1.727
72.0,4.663921711477828,1.722
72.0,4.663921711477828,1.718
72.0,4.663921711477828,1.713
72.0,4.663921711477828,1.708
72.0,4.663921711477828,1.703
72.0,4.199998595222359,1.698
72.0,4.199998595222359,1.694
72.0,4.199998595222359,1.689
72.0,3.6780172197728103,1.684
72.0,3.6780172197728103,1.679
72.0,3.0305117832297355,1.675
72.0,3.0305117832297355,1.671
72.0,3.0305117832297355,1.666
72.0,3.0305117832297355,1.661
72.0,3.0305117832297355,1.656
71.0,3.7116037642023976,1.652
71.0,3.7116037642023976,1.649
71.0,3.7116037642023976,1.644
72.0,4.285790864774965,1.639
72.0,3.7116037642023976,1.634
71.0,4.285790864774965,1.63
70.0,4.819350297333807,1.627
70.0,4.819350297333807,1.623
69.0,5.326347178274161,1.617
69.0,5.326347178274161,1.613
69.0,5.326347178274161,1.609
70.0,5.377900185431079,1.606
70.0,5.377900185431079,1.602
70.0,5.377900185431079,1.597
69.0,5.8365783965913876,1.593
69.0,5.8365783965913876,1.589
69.0,5.8365783965913876,1.586
69.0,5.8365783965913876,1.582
70.0,6.261747707681534,1.577
70.0,6.261747707681534,1.573
70.0,6.261747707681534,1.569
70.0,6.261747707681534,1.567
71.0,6.638344545628666,1.563
71.0,6.638344545628666,1.558
71.0,6.638344545628666,1.554
71.0,6.638344545628666,1.551
71.0,6.638344545628666,1.548
71.0,6.638344545628666,1.545
71.0,6.638344545628666,1.54
71.0,6.638344545628666,1.536
71.0,6.282962475801581,1.532
71.0,6.282962475801581,1.53
71.0,6.282962475801581,1.527
71.0,5.906235403214437,1.522
71.0,5.906235403214437,1.518
71.0,5.5037819546232445,1.515
70.0,5.5037819546232445,1.511
70.0,5.5037819546232445,1.508
70.0,5.0147561086197205,1.505
70.0,5.0147561086197205,1.501
69.0,5.5037819546232445,1.498
69.0,5.0147561086197205,1.495
69.0,5.0147561086197205,1.491
69.0,5.0147561086197205,1.488
69.0,4.472576645943716,1.485
68.0,5.045275108818682,1.482
68.0,5.045275108818682,1.478
68.0,5.045275108818682,1.475
69.0,5.07561060547319,1.472
69.0,5.07561060547319,1.469
69.0,5.07561060547319,1.466
68.0,5.586831131170526,1.463
68.0,5.133668097607521,1.46
68.0,5.133668097607521,1.457
69.0,5.639628286174315,1.454
69.0,5.639628286174315,1.451
69.0,5.639628286174315,1.448
69.0,5.639628286174315,1.445
69.0,5.639628286174315,1.442
69.0,5.639628286174315,1.439
69.0,5.639628286174315,1.436
70.0,6.07858899591962,1.433
70.0,6.07858899591962,1.43
70.0,6.07858899591962,1.427
70.0,6.07858899591962,1.424
70.0,6.07858899591962,1.422
69.0,6.102044510210479,1.419
69.0,6.102044510210479,1.416
69.0,6.102044510210479,1.413
69.0,6.102044510210479,1.41
68.0,6.127150177636942,1.408
68.0,6.127150177636942,1.405
68.0,6.127150177636942,1.402
68.0,6.127150177636942,1.4
68.0,6.127150177636942,1.397
68.0,5.664901608103373,1.394
68.0,5.664901608103373,1.392
68.0,5.664901608103373,1.389
95.0,46.074878381025975,1.386
151.0,62.862166443017756,1.384
151.0,62.862166443017756,1.381
107.0,69.54243639532754,1.379
84.0,74.97965047824539,1.377
76.0,76.22590831942308,1.374
69.0,77.58066854137898,1.371
68.0,77.61579085725491,1.369
68.0,77.61579085725491,1.367
68.0,77.61579085725491,1.364
68.0,77.61579085725491,1.361
68.0,77.61579085725491,1.359
68.0,77.61579085725491,1.356
68.0,77.5826472442262,1.354
68.0,77.5826472442262,1.352
68.0,77.5826472442262,1.349
68.0,77.5826472442262,1.347
68.0,77.5826472442262,1.345
69.0,77.58462589660896,1.343
69.0,77.58462589660896,1.34
70.0,77.61776866473205,1.338
70.0,77.61776866473205,1.335
70.0,77.5826472442262,1.333
70.0,77.5826472442262,1.331
69.0,77.61579085725491,1.329
69.0,77.61579085725491,1.326
69.0,77.61579085725491,1.324
69.0,77.61579085725491,1.322
69.0,77.61579085725491,1.32
69.0,77.61579085725491,1.318
69.0,62.67341401049147,1.315
68.0,45.87646597894131,1.313
68.0,45.87646597894131,1.311
68.0,34.852557750595956,1.309
68.0,20.709979616526898,1.307
67.0,15.692140546879953,1.305
67.0,5.693977842158519,1.302
68.0,5.722906351190118,1.3
68.0,5.722906351190118,1.299
68.0,5.722906351190118,1.297
68.0,5.722906351190118,1.294
68.0,5.722906351190118,1.292
68.0,5.722906351190118,1.29
68.0,5.722906351190118,1.289
68.0,5.722906351190118,1.287
68.0,5.722906351190118,1.284
68.0,5.722906351190118,1.282
68.0,5.722906351190118,1.28
68.0,5.225016558315195,1.094
68.0,5.225016558315195,1.277
67.0,5.28564977716974,1.274
67.0,5.28564977716974,1.272
67.0,5.28564977716974,1.27
67.0,5.28564977716974,1.269
68.0,5.345595298853168,1.267
68.0,5.345595298853168,1.264
68.0,5.345595298853168,1.263
68.0,5.345595298853168,1.261
68.0,5.345595298853168,1.259
68.0,5.345595298853168,1.257
68.0,5.345595298853168,1.255
68.0,4.808797149942683,1.253
68.0,4.808797149942683,1.251
68.0,4.808797149942683,1.249
68.0,4.808797149942683,1.248
68.0,4.16454049349657,1.246
68.0,4.16454049349657,1.244
68.0,3.4003330740750144,1.242
67.0,4.16454049349657,1.241
67.0,4.16454049349657,1.239
67.0,4.16454049349657,1.237
67.0,4.16454049349657,1.235
67.0,4.16454049349657,1.234
68.0,4.808797149942683,1.232
68.0,4.808797149942683,1.23
68.0,4.808797149942683,1.228
68.0,4.808797149942683,1.227
67.0,5.376398658639545,1.225
67.0,5.376398658639545,1.223
67.0,5.376398658639545,1.222
67.0,4.808797149942683,1.22
67.0,4.808797149942683,1.218
67.0,4.808797149942683,1.217
67.0,4.808797149942683,1.215
67.0,4.16454049349657,1.213
66.0,4.845635868596468,1.212
66.0,4.845635868596468,1.21
66.0,4.845635868596468,1.208
66.0,4.845635868596468,1.207
66.0,4.845635868596468,1.205
66.0,4.845635868596468,1.203
66.0,4.845635868596468,1.202
66.0,4.845635868596468,1.2
66.0,4.845635868596468,1.199
66.0,4.845635868596468,1.197
65.0,5.477269545047794,1.195
69.0,11.200464288988192,1.194
75.0,16.934024663514716,1.192
75.0,16.762459807474574,1.191
76.0,16.872270038330285,1.189
66.0,27.597388989881594,1.188
66.0,27.597388989881594,1.186
66.0,27.597388989881594,1.185
66.0,27.4924489005893,1.183
66.0,27.4924489005893,1.182
66.0,27.4924489005893,1.18
65.0,27.610777628484012,1.179
65.0,27.505888619389644,1.177
65.0,27.505888619389644,1.176
66.0,27.624159777997743,1.174
66.0,27.624159777997743,1.173
66.0,27.624159777997743,1.171
66.0,27.624159777997743,1.17
65.0,27.741926720010415,1.168
65.0,27.741926720010415,1.167
66.0,27.74883787453902,1.165
66.0,27.74883787453902,1.164
66.0,27.74883787453902,1.163
66.0,27.74883787453902,1.161
66.0,27.74883787453902,1.16
66.0,27.74883787453902,1.158
66.0,27.74883787453902,1.157
66.0,27.74883787453902,1.156
66.0,27.74883787453902,1.154
66.0,27.74883787453902,1.153
66.0,27.63110038868108,1.151
67.0,25.96467946111864,1.15
67.0,22.64627537815018,1.149
67.0,22.64627537815018,1.147
67.0,22.56458178326985,1.146
67.0,5.6760874060724,1.144
67.0,5.6760874060724,1.143
67.0,5.6760874060724,1.142
67.0,5.6760874060724,1.14
71.0,10.81964251742706,1.139
71.0,10.81964251742706,1.137
71.0,10.514008251225407,1.136
75.0,13.351248632513759,1.135
75.0,13.351248632513759,1.134
81.0,16.993850089280347,1.132
81.0,16.993850089280347,1.131
89.0,20.8942434094611,1.129
93.0,21.5544648020127,1.129
93.0,21.402678762321436,1.127
94.0,21.43933059394645,1.126
94.0,21.28672359989787,1.124
95.0,21.322040326538254,1.123
94.0,21.35729865302721,1.122
94.0,21.35729865302721,1.121
94.0,21.35729865302721,1.12
95.0,21.39249886812367,1.118
95.0,21.39249886812367,1.117
96.0,21.42619300764232,1.116
96.0,21.42619300764232,1.114
96.0,21.42619300764232,1.113
96.0,21.42619300764232,1.111
96.0,21.28250354990419,1.11
96.0,21.28250354990419,1.109
95.0,21.316371556382492,1.108
95.0,21.316371556382492,1.106
95.0,21.316371556382492,1.105
94.0,21.351639243810464,1.104
94.0,21.351639243810464,1.103
93.0,21.38837853861836,1.101
91.0,19.476083078820004,1.1
91.0,19.476083078820004,1.099
91.0,19.476083078820004,1.098
92.0,17.700802735626286,1.097
93.0,17.747045487779896,1.095
93.0,14.067772675072492,1.094
94.0,14.123472170501119,1.093
94.0,7.189853917434248,1.092
94.0,4.8650235463611855,1.091
94.0,4.8650235463611855,1.09
93.0,4.8650235463611855,1.088
93.0,4.8650235463611855,1.087
92.0,4.878817284788187,1.086
91.0,4.900013465603342,1.085
91.0,4.900013465603342,1.084
93.0,5.541832143660094,1.083
95.0,5.946131977510915,1.081
97.0,6.403833981346216,1.08
98.0,6.394866953189802,1.079
99.0,6.493778655325821,1.078
99.0,6.493778655325821,1.077
99.0,6.493778655325821,1.076
99.0,6.493778655325821,1.074
99.0,6.493778655325821,1.073
99.0,6.381725647996567,1.072
